aphiaid,scientificname,image
107451,Eriocheir sinensis,http://images.marinespecies.org/thumbs/3386_eriocheir-sinensis-h-milne-edwards-1853.jpg?w=700
129884,Heteromastus filiformis,http://images.marinespecies.org/thumbs/1288_heteromastus-filiformis-claparaude-1864.jpg?w=700
144476,Caulerpa taxifolia,https://upload.wikimedia.org/wikipedia/commons/e/e7/CaulerpaTaxifolia.jpg
138963,Crepidula fornicata,http://images.marinespecies.org/thumbs/51780_crepidula-fornicata.jpg?w=700
876640,Ensis leei,http://images.marinespecies.org/thumbs/57190_ensis-leei.jpg?w=700
140416,Rapana venosa,http://images.marinespecies.org/thumbs/68595_rapana-venosa.jpg?w=700
233889,Paralithodes camtschaticus,http://images.marinespecies.org/thumbs/117240_paralithodes-camtschaticus.jpg?w=700
160585,Heterosigma akashiwo,http://images.marinespecies.org/thumbs/33878_heterosigma-akashiwo.png?w=700
103732,Ciona intestinalis,http://images.marinespecies.org/thumbs/1502_ciona-intestinalis-tricellaria-inopinata.jpg?w=700
232032,Rhopilema nomadica,https://2.bp.blogspot.com/-BfBVwoYoRFo/Vmk-6ycPolI/AAAAAAAAOGg/rKCScLIviXE/s320/10250114_10152279022361741_3933745588079069405_n.jpg
106362,Beroe ovata,https://alchetron.com/cdn/beroe-ovata-b5cdf841-d359-451e-b546-444707f92c6-resize-750.jpeg
102296,Gammarus tigrinus,http://images.marinespecies.org/thumbs/5731_gammarus-tigrinus.jpg?w=700
126916,Neogobius melanostomus,https://www.researchgate.net/profile/Goran_Sukalo/publication/327034736/figure/fig2/AS:659806780149761@1534321603173/Neogobius-melanostomus-from-Una-river.png
421139,Amphibalanus improvisus,https://upload.wikimedia.org/wikipedia/commons/4/47/Balanus_improvisus_on_Mya_arenaria_shell.jpg
234025,Cercopagis (Cercopagis) pengoi,http://www.iucngisd.org/gisd/image/ecology/complete_mIII_figure.jpg
